{"stats":{"minecraft:picked_up":{"minecraft:wheat_seeds":1,"minecraft:dirt":2},"minecraft:used":{"minecraft:dirt":1},"minecraft:custom":{"minecraft:jump":8,"minecraft:time_since_rest":790,"minecraft:damage_dealt":30,"minecraft:leave_game":1,"minecraft:sprint_one_cm":33,"minecraft:play_time":790,"minecraft:time_since_death":790,"minecraft:walk_one_cm":3107,"minecraft:total_world_time":790,"minecraft:fall_one_cm":209},"minecraft:mined":{"minecraft:grass":3,"minecraft:grass_block":2,"minecraft:vine":1,"minecraft:fern":1}},"DataVersion":3465}